Algorytm Harmonijnego Przeszukiwania,4.482087604784379e-07,4.482087604784379e-07,"[0.000502789548830609, -0.0004420536506637521]",0.42008328437805176,0.0234375
Algorytm Harmonijnego Przeszukiwania,1.4378807003323308e-07,1.4378807003323308e-07,"[0.0003702948327888836, 8.166888540371911e-05]",0.42079758644104004,0.0
Algorytm Harmonijnego Przeszukiwania,2.7805158768964843e-06,2.7805158768964843e-06,"[-0.0004043247802335342, -0.0016177259808093547]",0.42161035537719727,0.00390625
Algorytm Harmonijnego Przeszukiwania,6.271209761918311e-06,6.271209761918311e-06,"[-0.0013910040426117162, 0.002082382653442007]",0.4181642532348633,0.0
Algorytm Harmonijnego Przeszukiwania,1.4752401732995441e-06,1.4752401732995441e-06,"[-0.0012140401241888601, -3.669809476036876e-05]",0.4336087703704834,0.0
Algorytm Harmonijnego Przeszukiwania,8.763055879256209e-07,8.763055879256209e-07,"[0.000410561350066349, -0.0008412757964884748]",0.4218456745147705,0.0
Algorytm Harmonijnego Przeszukiwania,1.149497649921702e-06,1.149497649921702e-06,"[0.00032666824602675323, -0.0010211686966214283]",0.4204246997833252,0.0
Algorytm Harmonijnego Przeszukiwania,1.573269994560036e-06,1.573269994560036e-06,"[0.0006805950354508827, 0.0010535940358029974]",0.4358408451080322,0.0
Algorytm Harmonijnego Przeszukiwania,1.1748825726339602e-06,1.1748825726339602e-06,"[-0.001081845370540474, -6.703108886258998e-05]",0.43604087829589844,0.0
Algorytm Harmonijnego Przeszukiwania,7.252003894564151e-08,7.252003894564151e-08,"[-1.1877000104559138e-05, -0.000269033410219173]",0.44882822036743164,0.0
Algorytm Harmonijnego Przeszukiwania,2.6775996003646594e-06,2.6775996003646594e-06,"[0.00045456518790384535, -0.0015719319610945637]",0.4335596561431885,0.0
Algorytm Harmonijnego Przeszukiwania,1.3478424266605248e-07,1.3478424266605248e-07,"[0.00016775445146539154, -0.000326561918599824]",0.4226365089416504,0.0
Algorytm Harmonijnego Przeszukiwania,1.768538619230752e-06,1.768538619230752e-06,"[0.0013275661981521168, 7.814479352258059e-05]",0.4410099983215332,0.0
Algorytm Harmonijnego Przeszukiwania,1.2174478671336707e-08,1.2174478671336707e-08,"[0.00011007005920923678, 7.68509837359389e-06]",0.4856886863708496,0.0
Algorytm Harmonijnego Przeszukiwania,7.937340143518572e-07,7.937340143518572e-07,"[0.0005263936137048669, 0.000718779366567091]",0.44785618782043457,0.0
Algorytm Harmonijnego Przeszukiwania,2.3530069031998088e-05,2.3530069031998088e-05,"[-0.004808288210183569, -0.0006406508564013418]",0.43583202362060547,0.0
Algorytm Harmonijnego Przeszukiwania,5.944738518274308e-06,5.944738518274308e-06,"[-0.00243638866517943, -9.353496917999249e-05]",0.4491400718688965,0.0
Algorytm Harmonijnego Przeszukiwania,1.806486231374348e-07,1.806486231374348e-07,"[0.0002799617126729172, -0.0003197969083257087]",0.48249173164367676,0.0
Algorytm Harmonijnego Przeszukiwania,1.4553983480006044e-07,1.4553983480006044e-07,"[-0.0002636420402991396, 0.0002757402933685378]",0.43392276763916016,0.0
Algorytm Harmonijnego Przeszukiwania,4.967896033419063e-07,4.967896033419063e-07,"[-0.00025308594811544044, 0.0006578275657103576]",0.42963647842407227,0.0
Algorytm Harmonijnego Przeszukiwania,3.009494207920821e-07,3.009494207920821e-07,"[-0.0004368550935706997, -0.0003318238207444084]",0.44664835929870605,0.0
Algorytm Harmonijnego Przeszukiwania,4.996078913778993e-07,4.996078913778993e-07,"[0.0003789157951947517, 0.0005966830913724875]",0.4485783576965332,0.0
Algorytm Harmonijnego Przeszukiwania,1.7917120699015964e-07,1.7917120699015964e-07,"[-0.0004097046016814369, -0.00010636421555774642]",0.4808051586151123,0.0
Algorytm Harmonijnego Przeszukiwania,3.146018384036339e-09,3.146018384036339e-09,"[-1.087744570498015e-05, -5.50245359723419e-05]",0.43373703956604004,0.0
Algorytm Harmonijnego Przeszukiwania,2.959738518391854e-07,2.959738518391854e-07,"[0.00013492307233258644, 0.0005270385340670272]",0.4347083568572998,0.0
Algorytm Harmonijnego Przeszukiwania,1.2195152955731159e-06,1.2195152955731159e-06,"[0.0005274480360728836, 0.0009702133089254002]",0.41695070266723633,0.0
Algorytm Harmonijnego Przeszukiwania,2.611965500587028e-07,2.611965500587028e-07,"[-8.544903259886244e-06, 0.0005110024801182299]",0.4357006549835205,0.0
Algorytm Harmonijnego Przeszukiwania,5.4809411539577884e-06,5.4809411539577884e-06,"[-0.001796408027994697, -0.00150128589912581]",0.431243896484375,0.0
Algorytm Harmonijnego Przeszukiwania,1.4315382835846237e-06,1.4315382835846237e-06,"[0.0011959443434212628, -3.54317798495693e-05]",0.4525299072265625,0.0
Algorytm Harmonijnego Przeszukiwania,2.996609175113728e-07,2.996609175113728e-07,"[0.000544977285719745, -5.1581736699263855e-05]",0.4358401298522949,0.0
Algorytm Harmonijnego Przeszukiwania,3.0236394403243527e-06,3.0236394403243527e-06,"[0.0014861030693983038, -0.0009028494378628656]",0.43549346923828125,0.0
Algorytm Harmonijnego Przeszukiwania,3.986839027331467e-06,3.986839027331467e-06,"[0.0017683764669106164, -0.0009271912955847853]",0.4171578884124756,0.0
Algorytm Harmonijnego Przeszukiwania,2.2421129963014135e-06,2.2421129963014135e-06,"[0.001344718020824382, 0.0006586702063791638]",0.4350123405456543,0.0
Algorytm Harmonijnego Przeszukiwania,8.483835521096808e-06,8.483835521096808e-06,"[-0.001256635343678039, 0.0026276801810943403]",0.41773223876953125,0.0
Algorytm Harmonijnego Przeszukiwania,4.561354020127325e-07,4.561354020127325e-07,"[0.0006649092354031466, 0.00011845298936006415]",0.4411466121673584,0.0
Algorytm Harmonijnego Przeszukiwania,1.2315499168518778e-06,1.2315499168518778e-06,"[-0.00042818595991603444, 0.00102381966213912]",0.4494643211364746,0.0
Algorytm Harmonijnego Przeszukiwania,4.746247746713961e-07,4.746247746713961e-07,"[0.00019359881556945888, 0.0006611688689597377]",0.42067456245422363,0.0
Algorytm Harmonijnego Przeszukiwania,5.354897163339133e-07,5.354897163339133e-07,"[0.0007234159582628088, -0.00011026816251582042]",0.4389331340789795,0.0
Algorytm Harmonijnego Przeszukiwania,1.9677254402813192e-05,1.9677254402813192e-05,"[-0.004381464704760682, -0.0006928357985479545]",0.41850972175598145,0.0
Algorytm Harmonijnego Przeszukiwania,2.0463696055087913e-06,2.0463696055087913e-06,"[0.0012021777924336192, -0.0007753310008559063]",0.4350709915161133,0.0
Algorytm Harmonijnego Przeszukiwania,4.2271618553228773e-07,4.2271618553228773e-07,"[5.849099996520918e-05, 0.0006475299131741773]",0.4352836608886719,0.0
Algorytm Harmonijnego Przeszukiwania,2.851647632274102e-06,2.851647632274102e-06,"[-0.0014086519799092567, 0.0009313147866171958]",0.4307584762573242,0.0
Algorytm Harmonijnego Przeszukiwania,6.098784840042913e-07,6.098784840042913e-07,"[0.0007673201815125534, -0.0001452522738129543]",0.4177262783050537,0.0
Algorytm Harmonijnego Przeszukiwania,4.822115717187605e-07,4.822115717187605e-07,"[-0.000693855583796088, 2.7856786493606067e-05]",0.43698906898498535,0.0
Algorytm Harmonijnego Przeszukiwania,4.328881497574424e-09,4.328881497574424e-09,"[-4.983252001972138e-05, -4.296046375516088e-05]",0.43247079849243164,0.0
Algorytm Harmonijnego Przeszukiwania,5.461750363151041e-07,5.461750363151041e-07,"[-0.0007053754561963804, -0.00022050057167919616]",0.43408799171447754,0.0
Algorytm Harmonijnego Przeszukiwania,5.43381106980373e-07,5.43381106980373e-07,"[-0.0007343830795620565, 6.373852393429897e-05]",0.418684720993042,0.0
Algorytm Harmonijnego Przeszukiwania,2.462133454160052e-07,2.462133454160052e-07,"[0.0002463244660738124, 0.00043074076058513024]",0.428617000579834,0.0
Algorytm Harmonijnego Przeszukiwania,4.271174989033388e-07,4.271174989033388e-07,"[0.0006470975421190772, -9.155473710730595e-05]",0.4401223659515381,0.0
Algorytm Harmonijnego Przeszukiwania,1.9811826363397075e-06,1.9811826363397075e-06,"[0.0013186108649315513, 0.0004923901128416103]",0.43585824966430664,0.0
Algorytm Harmonijnego Przeszukiwania,1.0738018096245099e-06,1.0738018096245099e-06,"[-0.0010232739959220498, -0.00016343848657593071]",0.41904592514038086,0.0
Algorytm Harmonijnego Przeszukiwania,6.928379821922719e-07,6.928379821922719e-07,"[-0.000796819448900316, -0.0002406589870469593]",0.4349527359008789,0.0
Algorytm Harmonijnego Przeszukiwania,2.7022706253779503e-06,2.7022706253779503e-06,"[0.0003660628322015055, -0.0016025818632003056]",0.42069315910339355,0.0
Algorytm Harmonijnego Przeszukiwania,1.349114376705645e-06,1.349114376705645e-06,"[0.0011604338870494042, -5.0075647704803106e-05]",0.4348113536834717,0.0
Algorytm Harmonijnego Przeszukiwania,4.581344232508373e-08,4.581344232508373e-08,"[-8.589279356801312e-05, 0.00019605068308518186]",0.4191555976867676,0.0
Algorytm Harmonijnego Przeszukiwania,2.069672376961449e-07,2.069672376961449e-07,"[-9.657594877563271e-06, -0.00045483400110075956]",0.4179985523223877,0.0
Algorytm Harmonijnego Przeszukiwania,2.211218424399491e-06,2.211218424399491e-06,"[0.0006752396068738466, 0.0013248659923586021]",0.4233877658843994,0.0
Algorytm Harmonijnego Przeszukiwania,1.3518228142117014e-06,1.3518228142117014e-06,"[-0.0004830215016097608, 0.0010575977700403652]",0.4376516342163086,0.0
Algorytm Harmonijnego Przeszukiwania,1.2271308760128711e-06,1.2271308760128711e-06,"[0.0009310245852595157, -0.000600270020620069]",0.4323742389678955,0.0
Algorytm Harmonijnego Przeszukiwania,5.079703429574319e-06,5.079703429574319e-06,"[0.0019051847391851505, -0.001204148885790428]",0.41834497451782227,0.0
Algorytm Harmonijnego Przeszukiwania,1.5567738898687978e-06,1.5567738898687978e-06,"[-0.0005923965689702774, 0.0010981075516273628]",0.4329533576965332,0.0
Algorytm Harmonijnego Przeszukiwania,3.2876720354786646e-08,3.2876720354786646e-08,"[-5.547946007018745e-05, 0.00017262314405984826]",0.41873764991760254,0.0
Algorytm Harmonijnego Przeszukiwania,6.413523403918068e-07,6.413523403918068e-07,"[0.00015503409356233677, 0.0007856950873113]",0.4151909351348877,0.0
Algorytm Harmonijnego Przeszukiwania,2.7936229022561896e-07,2.7936229022561896e-07,"[-0.0002177895360961149, 0.00048159112138063554]",0.41971373558044434,0.0
Algorytm Harmonijnego Przeszukiwania,1.490406321154634e-06,1.490406321154634e-06,"[0.0009339233684310013, 0.0007862527984389793]",0.417525053024292,0.0
Algorytm Harmonijnego Przeszukiwania,4.1400547707928185e-07,4.1400547707928185e-07,"[-0.000620771464250736, -0.0001692579872599192]",0.413449764251709,0.0
Algorytm Harmonijnego Przeszukiwania,2.3617403958930017e-06,2.3617403958930017e-06,"[-1.9782287561534353e-05, 0.0015366681674948025]",0.43907666206359863,0.0
Algorytm Harmonijnego Przeszukiwania,4.0249884086076863e-07,4.0249884086076863e-07,"[-0.0006122109771402734, -0.00016642283596225683]",0.43323612213134766,0.0
Algorytm Harmonijnego Przeszukiwania,6.377695937380963e-08,6.377695937380963e-08,"[0.0001447022499052597, 0.00020697395547789434]",0.4424600601196289,0.0
Algorytm Harmonijnego Przeszukiwania,8.504123317161962e-08,8.504123317161962e-08,"[0.000282565944285996, 7.209521691057619e-05]",0.4362022876739502,0.0546875
Algorytm Harmonijnego Przeszukiwania,1.87515311340328e-06,1.87515311340328e-06,"[0.00034986084215007387, -0.0013239148403629748]",0.4517021179199219,0.0
Algorytm Harmonijnego Przeszukiwania,1.4839828551956585e-05,1.4839828551956585e-05,"[0.002805269275129205, 0.002640131217567159]",0.4377634525299072,0.0
Algorytm Harmonijnego Przeszukiwania,1.2247271430069302e-06,1.2247271430069302e-06,"[0.0005137537166597886, 0.0009801960322431344]",0.4524857997894287,0.0
Algorytm Harmonijnego Przeszukiwania,2.518326069618857e-07,2.518326069618857e-07,"[0.0004456857275101436, -0.00023064440000927777]",0.43350982666015625,0.0
Algorytm Harmonijnego Przeszukiwania,3.355987127850314e-06,3.355987127850314e-06,"[-0.001758541932319179, 0.0005133394589600937]",0.47759127616882324,0.0
Algorytm Harmonijnego Przeszukiwania,4.345241998231729e-07,4.345241998231729e-07,"[0.0005125630271720215, -0.0004144916681906]",0.4330010414123535,0.0
Algorytm Harmonijnego Przeszukiwania,9.323554673055469e-07,9.323554673055469e-07,"[0.000698758325571063, -0.000666402483301699]",0.4314427375793457,0.0
Algorytm Harmonijnego Przeszukiwania,1.4656577281605284e-06,1.4656577281605284e-06,"[-0.0003602722747901481, 0.0011557947984733538]",0.43450117111206055,0.0
Algorytm Harmonijnego Przeszukiwania,4.6023758807060145e-07,4.6023758807060145e-07,"[-0.00047572164620563774, 0.00048365949117328347]",0.4481167793273926,0.0
Algorytm Harmonijnego Przeszukiwania,1.6542032203126114e-07,1.6542032203126114e-07,"[0.0003669011743146509, 0.0001755102570159114]",0.44658946990966797,0.0
Algorytm Harmonijnego Przeszukiwania,5.380795037078534e-07,5.380795037078534e-07,"[0.0005393143617941096, 0.0004972117485241732]",0.46146178245544434,0.0
Algorytm Harmonijnego Przeszukiwania,7.19046425365073e-07,7.19046425365073e-07,"[0.0007091099326103668, -0.00046498336404477304]",0.43616652488708496,0.0
Algorytm Harmonijnego Przeszukiwania,1.6676187498772026e-07,1.6676187498772026e-07,"[0.00037293599078960446, -0.0001663749433102723]",0.4330315589904785,0.0
Algorytm Harmonijnego Przeszukiwania,5.533300371424732e-07,5.533300371424732e-07,"[-0.00036927293145288045, -0.0006457302372033305]",0.4143054485321045,0.0
Algorytm Harmonijnego Przeszukiwania,8.926241991169325e-06,8.926241991169325e-06,"[0.0013994109259930685, -0.0026396763156456412]",0.4200780391693115,0.0
Algorytm Harmonijnego Przeszukiwania,9.005135796330403e-07,9.005135796330403e-07,"[-0.0005318980661250883, 0.0007858740528134463]",0.43902134895324707,0.0
Algorytm Harmonijnego Przeszukiwania,1.67817381068671e-06,1.67817381068671e-06,"[-0.00036890151849470424, -0.0012418073442925885]",0.417771577835083,0.0
Algorytm Harmonijnego Przeszukiwania,2.238004549355065e-06,2.238004549355065e-06,"[-0.0013359190458854513, 0.0006732940310113927]",0.420107364654541,0.0
Algorytm Harmonijnego Przeszukiwania,4.4099305924189076e-07,4.4099305924189076e-07,"[0.00018971454127431216, -0.0006363972439215683]",0.4204258918762207,0.0
Algorytm Harmonijnego Przeszukiwania,2.9847105462854293e-06,2.9847105462854293e-06,"[0.0016829149617713299, -0.00039052244203327535]",0.4199657440185547,0.0
Algorytm Harmonijnego Przeszukiwania,2.0102658314137416e-06,2.0102658314137416e-06,"[-0.0013264530258014504, 0.0005007875814713444]",0.41963720321655273,0.0
Algorytm Harmonijnego Przeszukiwania,2.7086298137958877e-06,2.7086298137958877e-06,"[-0.00034378789843747537, 0.0016094842946372083]",0.4361696243286133,0.0
Algorytm Harmonijnego Przeszukiwania,4.392525391787237e-07,4.392525391787237e-07,"[0.0006620300173174674, -3.112547749605605e-05]",0.4197652339935303,0.0
Algorytm Harmonijnego Przeszukiwania,3.0666569028013274e-06,3.0666569028013274e-06,"[0.0011862471409890183, 0.0012882059708356841]",0.4347872734069824,0.0
Algorytm Harmonijnego Przeszukiwania,2.781919148172839e-07,2.781919148172839e-07,"[0.00042846245127367566, 0.00030759038129602985]",0.4195587635040283,0.0
Algorytm Harmonijnego Przeszukiwania,1.3826805435503528e-06,1.3826805435503528e-06,"[5.842895159314902e-05, 0.001174421815688928]",0.4326655864715576,0.0
Algorytm Harmonijnego Przeszukiwania,4.0198886915241355e-06,4.0198886915241355e-06,"[0.0009171511426678547, -0.0017828972132535245]",0.41763925552368164,0.0
Algorytm Harmonijnego Przeszukiwania,1.374698884330828e-07,1.374698884330828e-07,"[-0.00020168144144643843, -0.000311118120027056]",0.4198305606842041,0.0
Algorytm Harmonijnego Przeszukiwania,5.41207768079139e-06,5.41207768079139e-06,"[0.0022564349043746844, 0.0005661971415602514]",0.42055845260620117,0.0
Algorytm Harmonijnego Przeszukiwania,5.678308929798808e-07,5.678308929798808e-07,"[-0.0006123559676936693, -0.0004391481091953267]",0.41847968101501465,0.0
Algorytm Harmonijnego Przeszukiwania,2.526080571768038e-08,2.526080571768038e-08,"[-9.269893695774175e-05, -0.00012910349648473894]",0.4276309013366699,0.0234375
Algorytm Harmonijnego Przeszukiwania,8.731044329805975e-07,8.731044329805975e-07,"[0.0005682035222520469, -0.0007417878337374947]",0.41831374168395996,0.00390625
Algorytm Harmonijnego Przeszukiwania,1.137563868251353e-06,1.137563868251353e-06,"[-0.0006978947458758803, -0.0008065400126033384]",0.41582155227661133,0.0
Algorytm Harmonijnego Przeszukiwania,3.14998526849993e-07,3.14998526849993e-07,"[-0.0005600111940975861, -3.722887770788623e-05]",0.4143209457397461,0.0
Algorytm Harmonijnego Przeszukiwania,1.602375998117132e-06,1.602375998117132e-06,"[-0.0009791364244682139, -0.0008022891376534608]",0.41820192337036133,0.0
Algorytm Harmonijnego Przeszukiwania,1.1164573746971201e-05,1.1164573746971201e-05,"[-0.002474496367598917, 0.0022453154508244415]",0.41280055046081543,0.0
Algorytm Harmonijnego Przeszukiwania,1.7493290967896997e-07,1.7493290967896997e-07,"[-0.00014181067456568242, -0.0003934750846727097]",0.44121599197387695,0.0
Algorytm Harmonijnego Przeszukiwania,1.871280314768272e-08,1.871280314768272e-08,"[0.00013181052376337772, 3.65894653268773e-05]",0.413449764251709,0.0
Algorytm Harmonijnego Przeszukiwania,1.319960852732532e-06,1.319960852732532e-06,"[0.0011431366220108596, -0.00011488914722519727]",0.4309885501861572,0.0
Algorytm Harmonijnego Przeszukiwania,5.739511578858642e-05,5.739511578858642e-05,"[-0.004307368642324456, -0.006232310259262321]",0.4174649715423584,0.0
Algorytm Harmonijnego Przeszukiwania,6.139194004174037e-07,6.139194004174037e-07,"[-0.0006825809532408555, 0.0003847111158911433]",0.42760515213012695,0.0
Algorytm Harmonijnego Przeszukiwania,6.21871964975054e-07,6.21871964975054e-07,"[-0.0003274735090436794, 0.000717379304029377]",0.41285037994384766,0.0
Algorytm Harmonijnego Przeszukiwania,2.1172672414984477e-07,2.1172672414984477e-07,"[0.00010019876812808817, -0.0004490956813591714]",0.41497159004211426,0.0
Algorytm Harmonijnego Przeszukiwania,1.3178605876019334e-07,1.3178605876019334e-07,"[-0.00036050112957638873, -4.2719952415014566e-05]",0.41671061515808105,0.0
Algorytm Harmonijnego Przeszukiwania,2.6287085505599882e-05,2.6287085505599882e-05,"[-0.004527928665844081, 0.002405191780841462]",0.4141266345977783,0.0
Algorytm Harmonijnego Przeszukiwania,5.217131049305582e-07,5.217131049305582e-07,"[-0.0007212973040562065, -3.799084220975583e-05]",0.4110748767852783,0.0
Algorytm Harmonijnego Przeszukiwania,1.5938576892652754e-05,1.5938576892652754e-05,"[0.002272446142954121, -0.003282463315868997]",0.4329798221588135,0.0
Algorytm Harmonijnego Przeszukiwania,3.358782532226674e-07,3.358782532226674e-07,"[0.0001945076951060101, 0.0005459349867586935]",0.4100983142852783,0.0
Algorytm Harmonijnego Przeszukiwania,5.1744946069198264e-08,5.1744946069198264e-08,"[7.093400244584424e-05, -0.00021613262911048675]",0.4179983139038086,0.0
Algorytm Harmonijnego Przeszukiwania,3.223927147127976e-07,3.223927147127976e-07,"[-0.00017078627245666967, -0.0005415023211890729]",0.4129962921142578,0.0
Algorytm Harmonijnego Przeszukiwania,1.6720746520370998e-07,1.6720746520370998e-07,"[-0.0002735167335051324, -0.00030396720496854977]",0.4281480312347412,0.0
Algorytm Harmonijnego Przeszukiwania,8.960925477631757e-07,8.960925477631757e-07,"[0.00018397930854694604, 0.0009285710321724253]",0.4409976005554199,0.0
Algorytm Harmonijnego Przeszukiwania,1.1773350781982414e-06,1.1773350781982414e-06,"[0.00028133933974703283, 0.0010479423906441352]",0.4306676387786865,0.0
Algorytm Harmonijnego Przeszukiwania,1.2637236298063135e-06,1.2637236298063135e-06,"[0.0011226118656390057, -5.887468838834155e-05]",0.41087818145751953,0.0
Algorytm Harmonijnego Przeszukiwania,6.51215391046988e-07,6.51215391046988e-07,"[-0.0008025288457844052, 8.463357921616177e-05]",0.426800012588501,0.0
Algorytm Harmonijnego Przeszukiwania,2.8299529488042174e-08,2.8299529488042174e-08,"[-2.381453041885829e-06, 0.00016820778272556673]",0.41406846046447754,0.0
Algorytm Harmonijnego Przeszukiwania,2.5881603946263948e-08,2.5881603946263948e-08,"[0.00015482370494249165, -4.371755178580149e-05]",0.41234278678894043,0.0
Algorytm Harmonijnego Przeszukiwania,5.466886572870796e-07,5.466886572870796e-07,"[0.0002089462337916939, -0.0007092461693032584]",0.4399876594543457,0.0
Algorytm Harmonijnego Przeszukiwania,1.5191826970109163e-07,1.5191826970109163e-07,"[8.950270689891265e-06, 0.00038966416611701583]",0.4240114688873291,0.0
Algorytm Harmonijnego Przeszukiwania,2.1434638689833194e-07,2.1434638689833194e-07,"[0.00039804840645541427, -0.0002364399564723299]",0.42983174324035645,0.0
Algorytm Harmonijnego Przeszukiwania,9.876367467075361e-07,9.876367467075361e-07,"[0.00010876601994945414, 0.00098782928667452]",0.413776159286499,0.0
Algorytm Harmonijnego Przeszukiwania,1.1449843954367047e-07,1.1449843954367047e-07,"[1.0230221292985633e-06, -0.0003383746340513624]",0.4152505397796631,0.0
Algorytm Harmonijnego Przeszukiwania,2.3653143256270558e-06,2.3653143256270558e-06,"[0.00020700087413202256, 0.001523963570344001]",0.4129672050476074,0.0
Algorytm Harmonijnego Przeszukiwania,2.657399345386837e-06,2.657399345386837e-06,"[0.0013840679358367415, -0.0008612521665432595]",0.42862987518310547,0.0
Algorytm Harmonijnego Przeszukiwania,2.3189942796118113e-06,2.3189942796118113e-06,"[-0.0014301662881777161, -0.0005230857174228568]",0.41597723960876465,0.0
Algorytm Harmonijnego Przeszukiwania,3.737182689629938e-08,3.737182689629938e-08,"[-0.0001791867259088968, 7.255304372904875e-05]",0.4265594482421875,0.0
Algorytm Harmonijnego Przeszukiwania,1.6059747719241178e-06,1.6059747719241178e-06,"[0.0006722478268504483, -0.0010742707439090797]",0.42758703231811523,0.0
Algorytm Harmonijnego Przeszukiwania,7.769259093995122e-07,7.769259093995122e-07,"[-0.0003541009123527051, -0.0008071793191543586]",0.42955875396728516,0.0
Algorytm Harmonijnego Przeszukiwania,4.675619099692651e-07,4.675619099692651e-07,"[-0.00016070464148522888, -0.0006646321750971504]",0.4123237133026123,0.0
Algorytm Harmonijnego Przeszukiwania,3.0651488125111557e-06,3.0651488125111557e-06,"[-0.00041994617904354825, 0.001699645262758638]",0.4128105640411377,0.0
Algorytm Harmonijnego Przeszukiwania,1.6338441467356358e-06,1.6338441467356358e-06,"[0.001278168743575267, -1.1349435354201381e-05]",0.4256584644317627,0.0
Algorytm Harmonijnego Przeszukiwania,3.9170733304052335e-07,3.9170733304052335e-07,"[-0.00029427379369465455, -0.0005523678732376452]",0.42775845527648926,0.0
Algorytm Harmonijnego Przeszukiwania,7.507985589728076e-07,7.507985589728076e-07,"[-0.0008452519449126772, 0.00019065075031099183]",0.4127211570739746,0.0
Algorytm Harmonijnego Przeszukiwania,6.102802549960159e-07,6.102802549960159e-07,"[-0.000634429433219885, 0.0004558284208562597]",0.41591978073120117,0.0
Algorytm Harmonijnego Przeszukiwania,8.366676811339419e-07,8.366676811339419e-07,"[0.0008689735750042739, 0.0002855741708877634]",0.41373562812805176,0.0
Algorytm Harmonijnego Przeszukiwania,2.0166205834905303e-07,2.0166205834905303e-07,"[-0.00026288283204674474, 0.000364080588557171]",0.415790319442749,0.0
Algorytm Harmonijnego Przeszukiwania,9.403557193503582e-07,9.403557193503582e-07,"[0.0005117084035650532, 0.0008237173235226165]",0.4329531192779541,0.0
Algorytm Harmonijnego Przeszukiwania,7.20582330775006e-07,7.20582330775006e-07,"[0.0008166433678483548, 0.0002316806865586829]",0.4441351890563965,0.0
Algorytm Harmonijnego Przeszukiwania,2.2913507590153155e-07,2.2913507590153155e-07,"[-8.447448105872732e-05, 0.00047116784477656184]",0.4400815963745117,0.0
Algorytm Harmonijnego Przeszukiwania,1.1328592318280922e-06,1.1328592318280922e-06,"[-0.0010588695853682127, 0.00010795569929485625]",0.43009471893310547,0.0
Algorytm Harmonijnego Przeszukiwania,4.146978964747767e-07,4.146978964747767e-07,"[-0.0006409255844335854, 6.254831487133555e-05]",0.42868876457214355,0.0
Algorytm Harmonijnego Przeszukiwania,8.176977667614683e-07,8.176977667614683e-07,"[0.0001994677781366036, -0.0008819922744824441]",0.4262526035308838,0.0
Algorytm Harmonijnego Przeszukiwania,1.2005800555454267e-06,1.2005800555454267e-06,"[0.00013756382379982333, -0.0010870401326202256]",0.4288370609283447,0.0
Algorytm Harmonijnego Przeszukiwania,2.8942944196262952e-08,2.8942944196262952e-08,"[-6.476329511495398e-05, 0.0001573170677393789]",0.33652615547180176,0.0
Algorytm Harmonijnego Przeszukiwania,6.538477098187392e-07,6.538477098187392e-07,"[-0.0004988876503605984, -0.0006363637498604242]",0.32097458839416504,0.0
Algorytm Harmonijnego Przeszukiwania,4.972386164230777e-07,4.972386164230777e-07,"[-5.748761137994857e-05, -0.0007028042337386036]",0.8368251323699951,0.0
Algorytm Harmonijnego Przeszukiwania,1.0635252918726352e-06,1.0635252918726352e-06,"[0.00018061439532563416, 0.0010153342957242165]",0.26606321334838867,0.0
Algorytm Harmonijnego Przeszukiwania,4.881629118362462e-07,4.881629118362462e-07,"[0.0002026927671394509, -0.0006686393302712595]",0.25808048248291016,0.0
Algorytm Harmonijnego Przeszukiwania,1.1922076074754478e-06,1.1922076074754478e-06,"[-0.0010918577810832926, -7.361614178732611e-06]",0.25658154487609863,0.0
Algorytm Harmonijnego Przeszukiwania,5.270020866081954e-07,5.270020866081954e-07,"[0.0003480022477392402, -0.0006371000880369048]",0.2573118209838867,0.0
Algorytm Harmonijnego Przeszukiwania,1.330125220642276e-07,1.330125220642276e-07,"[0.00024569702803620185, -0.00026952827769717493]",0.25710630416870117,0.0
Algorytm Harmonijnego Przeszukiwania,7.597776901321312e-06,7.597776901321312e-06,"[0.0027453357753833355, -0.00024679623522592953]",0.24012160301208496,0.0
Algorytm Harmonijnego Przeszukiwania,4.941656916516512e-07,4.941656916516512e-07,"[-0.0002539131499478568, 0.0006555103385418176]",0.24350333213806152,0.0
Algorytm Harmonijnego Przeszukiwania,1.258628425881353e-05,1.258628425881353e-05,"[0.0010259920093477048, -0.0033961190579201122]",0.25998520851135254,0.0
Algorytm Harmonijnego Przeszukiwania,2.340014689287207e-07,2.340014689287207e-07,"[-7.931667594071167e-05, 0.00047719003955074]",0.24537038803100586,0.0
Algorytm Harmonijnego Przeszukiwania,1.3002792750731552e-06,1.3002792750731552e-06,"[0.0005605716819454751, -0.0009929947957940043]",0.25128674507141113,0.0
Algorytm Harmonijnego Przeszukiwania,6.681807171129053e-06,6.681807171129053e-06,"[-0.002378950037181355, -0.0010111398972070494]",0.25536489486694336,0.0
Algorytm Harmonijnego Przeszukiwania,4.164138084265589e-06,4.164138084265589e-06,"[0.0010353179227600355, -0.0017584808452404121]",0.27472376823425293,0.0
Algorytm Harmonijnego Przeszukiwania,1.9294580994854545e-06,1.9294580994854545e-06,"[0.0009917725643284097, 0.0009725457727690276]",0.2843892574310303,0.0
Algorytm Harmonijnego Przeszukiwania,1.7436268318573987e-07,1.7436268318573987e-07,"[-0.00035039048047250977, 0.00022713254804185073]",0.27239394187927246,0.0
Algorytm Ewolucji Roznicowej,7.537659460249077e-07,7.537659460249077e-07,"[0.0004980801743826395, -0.000701898898691729, 6.031804075876763e-05, -9.685946461873859e-05]",0.24709415435791016,0.03125
Algorytm Ewolucji Roznicowej,1.597279498801875e-05,1.597279498801875e-05,"[0.0020734644724720044, -0.003187738482630987, 0.0010859084436000898, 0.0005767723015945407]",0.24637913703918457,0.0
Algorytm Ewolucji Roznicowej,2.9428631908438785e-06,2.9428631908438785e-06,"[0.0009643576097877627, 0.0007792871878065364, -0.00042116442488584625, -0.0011082461808729438]",0.24087047576904297,0.0
Algorytm Ewolucji Roznicowej,5.2437932452836235e-06,5.2437932452836235e-06,"[-0.0020884332535809347, 0.0003559355098733532, -0.0001831378177896024, 0.0008497118588836063]",0.24013495445251465,0.0
Algorytm Ewolucji Roznicowej,1.3319664698570883e-05,1.3319664698570883e-05,"[-0.002889482288992348, -0.0007570659070374759, -0.0003864750933788758, 0.002061078604704279]",0.25603365898132324,0.0
Algorytm Ewolucji Roznicowej,9.171655697553813e-06,9.171655697553813e-06,"[0.002053009304407806, 0.0009654140095485294, -0.0013706338783182536, -0.0014649733974862766]",0.23945164680480957,0.0
Algorytm Ewolucji Roznicowej,3.9446369895857586e-06,3.9446369895857586e-06,"[0.0015123221530825692, 0.0008280715367042259, 0.0009812554098058484, 9.462581946022286e-05]",0.2418982982635498,0.0
Algorytm Ewolucji Roznicowej,9.484880208759537e-06,9.484880208759537e-06,"[-0.0019803112587094274, 0.0019854132677372504, -0.0005106705553963174, 0.0011664464272020086]",0.23978614807128906,0.0
Algorytm Ewolucji Roznicowej,1.024161291257024e-05,1.024161291257024e-05,"[-0.0016547617894279113, 0.0017528615478806658, -0.001657410065149821, 0.001297630379854386]",0.24412775039672852,0.0
Algorytm Ewolucji Roznicowej,5.356782830012481e-06,5.356782830012481e-06,"[-0.0004927898660905248, 0.0016832399683627992, 0.001459802010297627, 0.00038681038963292187]",0.2558786869049072,0.0
Algorytm Ewolucji Roznicowej,3.490584544578599e-06,3.490584544578599e-06,"[0.0013004011289508915, 0.0010523393694491117, -0.0004720716249997244, 0.000685034072714205]",0.25262928009033203,0.0
Algorytm Ewolucji Roznicowej,8.963901900688642e-06,8.963901900688642e-06,"[-0.0004347253809758768, 0.0012601094443201555, 0.0020453217984687366, 0.0017331181935655122]",0.2544722557067871,0.0
Algorytm Ewolucji Roznicowej,1.0111419879876126e-05,1.0111419879876126e-05,"[0.00014213184302794106, 0.00012465911015233956, -0.0010914639666490672, -0.002980668538237071]",0.24098491668701172,0.0
Algorytm Ewolucji Roznicowej,4.3558919150313085e-06,4.3558919150313085e-06,"[0.0008504444630722131, 0.00017055719969375546, 0.0012559053835677137, -0.0014234633958832177]",0.2411174774169922,0.0
Algorytm Ewolucji Roznicowej,6.98771972649829e-06,6.98771972649829e-06,"[-0.0015775255178352848, 0.0007530986915993132, -0.000637467330053953, 0.0018776609733660902]",0.26255321502685547,0.0
Algorytm Ewolucji Roznicowej,3.287476778439885e-05,3.287476778439885e-05,"[0.003441585286008129, 0.0038355713432216, -0.0024115240785410677, 0.000709367741869542]",0.2549552917480469,0.0
Algorytm Ewolucji Roznicowej,2.68135013694716e-06,2.68135013694716e-06,"[-0.0009295876041210682, -0.0009513687249319968, 6.141375612216961e-05, 0.000953070261309126]",0.23810219764709473,0.0
Algorytm Ewolucji Roznicowej,1.3086088022306193e-05,1.3086088022306193e-05,"[-0.0029682022604166063, 0.0004689584700605519, -0.0019424827944218206, -0.0005316971979403354]",0.24094867706298828,0.0
Algorytm Ewolucji Roznicowej,4.896714326481135e-06,4.896714326481135e-06,"[0.0016302512403157548, 0.0010653981321761836, -0.00035378653148314745, -0.000989321550370101]",0.25776219367980957,0.0
Algorytm Ewolucji Roznicowej,5.912117382240077e-06,5.912117382240077e-06,"[0.0017200550105798372, 0.0013474986756475274, 0.0008195617716159388, 0.0006827107472811436]",0.24223041534423828,0.0
Algorytm Ewolucji Roznicowej,9.454838797388956e-06,9.454838797388956e-06,"[-0.0008575648211639499, -0.0016734376678396636, -0.00013054700010681035, -0.002429400178543967]",0.24887967109680176,0.0
Algorytm Ewolucji Roznicowej,2.162284414718179e-05,2.162284414718179e-05,"[-0.002002352554362487, -0.0019525175816552905, -0.0007653888613508731, 0.003635283122325798]",0.24343538284301758,0.0
Algorytm Ewolucji Roznicowej,7.499077606534524e-06,7.499077606534524e-06,"[-0.00227773241937237, 0.00016754983234689227, -0.0013408182122578204, -0.0006965243769121686]",0.2510068416595459,0.0
Algorytm Ewolucji Roznicowej,2.3583079119062472e-05,2.3583079119062472e-05,"[-0.0017053331352331444, -0.004206484404269952, 0.0016052446672217505, 0.0006352924774685785]",0.23970460891723633,0.0
Algorytm Ewolucji Roznicowej,1.2741912185260766e-05,1.2741912185260766e-05,"[-0.0012796932085981224, -0.0007713198927981478, 0.0018337824167140118, 0.002673313514770196]",0.2355661392211914,0.0
Algorytm Ewolucji Roznicowej,2.3751760255760166e-06,2.3751760255760166e-06,"[-0.000452890942315364, -0.0007743681045564216, -0.0011199992801084525, 0.0005621578703059857]",0.2424306869506836,0.0
Algorytm Ewolucji Roznicowej,4.067171035249593e-06,4.067171035249593e-06,"[0.0015293844610952912, 0.00019011698353791143, -0.0004799518923253112, -0.0012089896273474216]",0.24886512756347656,0.0
Algorytm Ewolucji Roznicowej,4.940425144978809e-06,4.940425144978809e-06,"[-0.0005897617976952565, 0.0001713423782999067, -1.7257554098611735e-05, -0.002136106301938912]",0.25576043128967285,0.0
Algorytm Ewolucji Roznicowej,2.4784497110300005e-06,2.4784497110300005e-06,"[0.00018108093791213437, 0.0008020797525960847, -0.0003702060052823142, -0.001290455341762425]",0.24449467658996582,0.0
Algorytm Ewolucji Roznicowej,2.355036194218113e-06,2.355036194218113e-06,"[0.0007657067273683016, 0.00023655844497599235, -0.0012856045289463885, -0.0002449295799696583]",0.24253153800964355,0.0
Algorytm Ewolucji Roznicowej,1.219948243514826e-05,1.219948243514826e-05,"[0.0003583755774849734, -0.00271278545228704, 0.0021313526000793573, -0.00041131565081496246]",0.2506723403930664,0.0
Algorytm Ewolucji Roznicowej,3.6902761715845553e-06,3.6902761715845553e-06,"[-0.00023001837065150517, 0.0001150980660030573, 0.0015416289532874964, 0.0011169155412722289]",0.24298334121704102,0.0
Algorytm Ewolucji Roznicowej,8.130684976978094e-06,8.130684976978094e-06,"[-0.002600824852044223, -3.506092871606234e-05, -0.0011036393049321642, 0.00038359624848746275]",0.2485828399658203,0.0
Algorytm Ewolucji Roznicowej,4.102508695758119e-06,4.102508695758119e-06,"[0.001208503226310922, -0.0005636764176227727, -0.0008770054719001068, -0.0012470601213363532]",0.24049997329711914,0.0
Algorytm Ewolucji Roznicowej,7.0445996736556275e-06,7.0445996736556275e-06,"[-0.001001869007159525, -0.0008898430179122376, 0.00034390543886802757, 0.0022651195594799505]",0.24446487426757812,0.0
Algorytm Ewolucji Roznicowej,6.925477294882368e-06,6.925477294882368e-06,"[0.0015128461885348665, -0.0007638386587923429, -0.001836911290074553, -0.0008240637842114231]",0.2429943084716797,0.0
Algorytm Ewolucji Roznicowej,1.2815920964319695e-05,1.2815920964319695e-05,"[-0.002637630037472857, -0.0019435253258045975, -0.0003710065453680876, -0.001394235346342503]",0.2499675750732422,0.0
Algorytm Ewolucji Roznicowej,1.846340196607474e-05,1.846340196607474e-05,"[0.0036720482227253493, 0.0014814603670461647, -0.0016686245976312796, 2.0759313708235356e-05]",0.25624728202819824,0.0
Algorytm Ewolucji Roznicowej,1.2475997206439504e-05,1.2475997206439504e-05,"[0.0016959553655565927, -0.002401847471528962, -7.871854367587014e-05, -0.0019556750033865008]",0.24172115325927734,0.0
Algorytm Ewolucji Roznicowej,4.691567066169718e-06,4.691567066169718e-06,"[-0.001074906296996876, 8.577351530025465e-05, -0.000960262364377555, -0.001614522410646333]",0.24053621292114258,0.0
Algorytm Ewolucji Roznicowej,6.4813763703526824e-06,6.4813763703526824e-06,"[-0.001144555204959959, -0.0006642454118387913, 0.0016215067157661755, 0.001449435668364779]",0.2678213119506836,0.0
Algorytm Ewolucji Roznicowej,9.105768495694325e-06,9.105768495694325e-06,"[0.0004183797316468143, -0.002215657982630906, 0.0014043349956274515, -0.0014315829769529444]",0.2531161308288574,0.0
Algorytm Ewolucji Roznicowej,6.632765835971535e-06,6.632765835971535e-06,"[-9.113776925940946e-06, -0.0021188396798983763, 0.0012444295248720443, -0.0007711007350253036]",0.24072599411010742,0.0
Algorytm Ewolucji Roznicowej,1.22926962878272e-05,1.22926962878272e-05,"[-0.001079079999504263, 0.0032003729954403056, -0.00024152980520186697, -0.0009097025259680626]",0.25599026679992676,0.0
Algorytm Ewolucji Roznicowej,7.3702668824467696e-06,7.3702668824467696e-06,"[-0.00015386350988020854, 0.0005560444129475185, 0.0009281415942028262, -0.0024851480226969576]",0.25659728050231934,0.0
Algorytm Ewolucji Roznicowej,4.926365602277307e-06,4.926365602277307e-06,"[0.0011832949406089853, -0.0003530537329311215, 0.0016339116366601092, 0.0008554908012694051]",0.25331759452819824,0.0
Algorytm Ewolucji Roznicowej,3.309687550696213e-06,3.309687550696213e-06,"[-0.0015848650388609093, 0.0006582118757859634, -0.00038854504851913024, -0.0004622555907051987]",0.23955011367797852,0.0
Algorytm Ewolucji Roznicowej,3.1603953633435164e-06,3.1603953633435164e-06,"[-0.0002880444840917375, 4.678565676136722e-06, 0.0016288628312593817, 0.0006513138463849254]",0.23936009407043457,0.0
Algorytm Ewolucji Roznicowej,1.911899321995498e-05,1.911899321995498e-05,"[-0.001721003869032418, 0.0018011181884631184, 0.0022001750352357774, 0.002841186721819425]",0.2524545192718506,0.0
Algorytm Ewolucji Roznicowej,2.854926560401413e-06,2.854926560401413e-06,"[-8.041220057295319e-05, 0.0005092783544590491, 0.0013929231150602874, -0.0008055192062332572]",0.24311089515686035,0.0
Algorytm Ewolucji Roznicowej,6.2226406948543995e-06,6.2226406948543995e-06,"[0.0009835968814853964, 0.0002461638216431118, -0.0013200604537209736, 0.0018579616898694758]",0.23984551429748535,0.0
Algorytm Ewolucji Roznicowej,7.658410992651353e-06,7.658410992651353e-06,"[0.0017457614066624895, 0.0016465145058830299, -1.7861611558259854e-05, -0.001378186869915855]",0.2558424472808838,0.0
Algorytm Ewolucji Roznicowej,1.3798175046005134e-05,1.3798175046005134e-05,"[0.0003008022627083264, -0.00021121660105454833, 0.0014714355716111908, -0.003390863894465671]",0.2563056945800781,0.0
Algorytm Ewolucji Roznicowej,1.5881157717037658e-06,1.5881157717037658e-06,"[0.00041105482970595563, 0.0006965675798682232, -0.0007304419109088908, 0.0006327700373306784]",0.24202990531921387,0.0
Algorytm Ewolucji Roznicowej,3.0484512269995315e-06,3.0484512269995315e-06,"[-0.0011638463641422997, -0.0010560474136934823, 0.00020262039514692184, 0.0007332269111087596]",0.2536914348602295,0.0
Algorytm Ewolucji Roznicowej,2.0738242058109447e-06,2.0738242058109447e-06,"[0.00012518733267362792, -0.0006570629312727643, 7.552833313414662e-05, 0.0012730734907263708]",0.25498461723327637,0.0
Algorytm Ewolucji Roznicowej,3.519518073799623e-05,3.519518073799623e-05,"[-0.0030461617709033823, -0.0026632874950232015, -0.003992473120981258, -0.0016979803593028433]",0.24086809158325195,0.0
Algorytm Ewolucji Roznicowej,1.1909873071193021e-05,1.1909873071193021e-05,"[0.002633835997149527, -0.0019377499359292446, -0.0006121469392156662, -0.0009182495967477891]",0.24010157585144043,0.0
Algorytm Ewolucji Roznicowej,1.0127390482632638e-06,1.0127390482632638e-06,"[-3.605892691881454e-05, -0.0004204292667935403, -0.00031438418177032586, -0.0008578115293750581]",0.24431896209716797,0.0
Algorytm Ewolucji Roznicowej,4.0208593731356394e-06,4.0208593731356394e-06,"[-0.0005861427900015963, -0.0012814187851343138, -0.0005664676516505257, -0.0013093419337985102]",0.27110886573791504,0.0
Algorytm Ewolucji Roznicowej,8.99720042274004e-06,8.99720042274004e-06,"[-0.0007503730304938685, -0.0001870638694923669, -0.0018946078514855097, -0.002193082063140249]",0.2708923816680908,0.0
Algorytm Ewolucji Roznicowej,7.766789272556654e-06,7.766789272556654e-06,"[0.000603397374254472, -0.00014297281519087216, 0.0009242860704882843, 0.002554986284761072]",0.2563741207122803,0.0
Algorytm Ewolucji Roznicowej,7.557783558275305e-06,7.557783558275305e-06,"[-0.00027990610266311316, 0.00044272147408284273, 0.0007544230360493843, 0.0025911927197781325]",0.2577097415924072,0.0
Algorytm Ewolucji Roznicowej,2.120797386823328e-06,2.120797386823328e-06,"[-0.0011177707206355275, -0.00025530058471132794, -0.0003917307615156489, -0.00080793231451755]",0.25607752799987793,0.0
Algorytm Ewolucji Roznicowej,3.1144588909151234e-05,3.1144588909151234e-05,"[-0.0006568010160083368, -0.003908988793808738, 0.0035016374086829266, -0.001780882759339221]",0.24180150032043457,0.0
Algorytm Ewolucji Roznicowej,1.389758881416446e-06,1.389758881416446e-06,"[0.00023937869336203765, -0.0007829977930405635, 0.00023646256953713447, 0.0008145284721126893]",0.2399754524230957,0.0
Algorytm Ewolucji Roznicowej,8.005788070814075e-06,8.005788070814075e-06,"[0.002315785190871143, 0.0008406930662917438, -0.001018915263762266, 0.0009476148342640253]",0.27054381370544434,0.0
Algorytm Ewolucji Roznicowej,4.523515600483275e-06,4.523515600483275e-06,"[3.5948001342790085e-05, 0.0009700006199944355, 0.0013406449627912202, -0.0013356620914870918]",0.25878357887268066,0.0
Algorytm Ewolucji Roznicowej,6.957624488384273e-06,6.957624488384273e-06,"[-0.0005981526661906437, 0.0010881818478306814, 0.00030048182877983644, 0.002307684729970328]",0.2535998821258545,0.0
Algorytm Ewolucji Roznicowej,2.301245265553082e-05,2.301245265553082e-05,"[0.0040941130548364495, -0.00018740429228959223, -0.0024244753353512196, -0.0005809388343479931]",0.2523491382598877,0.0
Algorytm Ewolucji Roznicowej,8.224157110738462e-06,8.224157110738462e-06,"[0.0016428690685899598, -9.166856751824555e-06, 0.0022590617111047395, -0.0006493800800506894]",0.2539329528808594,0.0
Algorytm Ewolucji Roznicowej,8.280861403064832e-06,8.280861403064832e-06,"[-0.00036830968403253443, -0.0005819276434869149, -0.00266728873806738, -0.0008319497492261024]",0.25526952743530273,0.0
Algorytm Ewolucji Roznicowej,5.287577658566631e-06,5.287577658566631e-06,"[-0.0007467866106989062, -0.001870892063719874, 0.00019032892981577345, 0.0010924400217094967]",0.24137139320373535,0.0
Algorytm Ewolucji Roznicowej,2.473402235492512e-06,2.473402235492512e-06,"[0.0005464688861467719, 0.00044392215916690906, -0.000848181207243775, 0.0011217378250933238]",0.25373244285583496,0.0
Algorytm Ewolucji Roznicowej,5.312749706858638e-06,5.312749706858638e-06,"[0.00027323321046014183, -0.0009509349543580996, 0.002029258627100171, 0.0004646777985655962]",0.2581298351287842,0.0
Algorytm Ewolucji Roznicowej,1.1058860034767181e-05,1.1058860034767181e-05,"[-0.0024373816043814327, -0.0011833681948081357, -0.0019111624413638755, -0.00025520342401068926]",0.252795934677124,0.0
Algorytm Ewolucji Roznicowej,2.967395377167678e-06,2.967395377167678e-06,"[-8.379681669530396e-05, 0.0014587915304990068, -1.4694433887122837e-05, 0.0009121868311023319]",0.2549400329589844,0.0
Algorytm Ewolucji Roznicowej,1.4889216271922676e-06,1.4889216271922676e-06,"[-0.0010050026978248253, -0.000569919307188695, 2.675892273074857e-05, 0.00039162117908118563]",0.2552783489227295,0.0
Algorytm Ewolucji Roznicowej,2.028959070197706e-05,2.028959070197706e-05,"[-0.0029588824786145095, -0.0025632049704378667, 0.0008121092495245079, -0.0020748648211593133]",0.24981427192687988,0.0
Algorytm Ewolucji Roznicowej,1.0330570776869759e-06,1.0330570776869759e-06,"[0.0008250791879314216, -7.274811059988589e-05, -8.252954432879517e-05, 0.0005832649466978364]",0.2557182312011719,0.0
Algorytm Ewolucji Roznicowej,1.8827042422422266e-05,1.8827042422422266e-05,"[-0.00258563377411895, 0.0019640241884647048, 0.0020661679527983375, -0.0020037712909691933]",0.2405400276184082,0.0
Algorytm Ewolucji Roznicowej,5.189589220597396e-06,5.189589220597396e-06,"[0.0002630703461895456, -0.001966135939208231, 0.0010339071790892837, -0.0004309624428352368]",0.2548816204071045,0.0
Algorytm Ewolucji Roznicowej,2.1326094056702274e-06,2.1326094056702274e-06,"[0.0011845643968641899, 0.0002850365468982097, -0.0008050736986458928, -5.2059612918745404e-06]",0.2555501461029053,0.0
Algorytm Ewolucji Roznicowej,1.7028389116496152e-05,1.7028389116496152e-05,"[0.0024949685549881485, -0.001687807041303951, 0.0006049231099375108, -0.002754795173602719]",0.2402801513671875,0.0
Algorytm Ewolucji Roznicowej,3.1157542661244006e-06,3.1157542661244006e-06,"[0.0004482501811086913, -0.0016442280763065828, -0.00026677007385444117, -0.0003743979193869488]",0.2557382583618164,0.0
Algorytm Ewolucji Roznicowej,3.4645284572878047e-06,3.4645284572878047e-06,"[-0.0005476411772260691, 0.0012617043335907863, 0.0012377850448189124, -0.000201514157604677]",0.24146652221679688,0.0
Algorytm Ewolucji Roznicowej,3.296062371339531e-06,3.296062371339531e-06,"[-0.0009069252570034405, 0.00041600934644725387, -0.0013371568427218213, -0.0007158887840855686]",0.2557241916656494,0.0
Algorytm Ewolucji Roznicowej,1.318187350059872e-05,1.318187350059872e-05,"[0.0009096069978883183, -0.0033547635413564685, 0.0007318385151210156, -0.0007513072469783541]",0.23999643325805664,0.0
Algorytm Ewolucji Roznicowej,5.841124397847038e-06,5.841124397847038e-06,"[0.0012491424109464817, 0.0007189572235444175, -0.0019235961739235466, -0.00025228140122062967]",0.23942112922668457,0.0
Algorytm Ewolucji Roznicowej,2.0386449064419118e-05,2.0386449064419118e-05,"[-0.0026445084825860634, 0.001909702569740778, -0.003112436246469478, 0.00024248846722664912]",0.25470399856567383,0.0
Algorytm Ewolucji Roznicowej,8.021148092731556e-06,8.021148092731556e-06,"[-0.0006503511167580064, -0.0011596256222830299, 0.00022821965227352528, 0.002490256156326898]",0.24088120460510254,0.0
Algorytm Ewolucji Roznicowej,6.312052260049317e-05,6.312052260049317e-05,"[0.0050186509928607185, 0.00047282609098350456, 0.003568786104075884, 0.00499738592099824]",0.25464582443237305,0.0
Algorytm Ewolucji Roznicowej,1.0900243754449343e-06,1.0900243754449343e-06,"[0.0005475988014382225, -0.0006918443585593632, 0.00036112092829477453, -0.00042556196585862797]",0.2428734302520752,0.0
Algorytm Ewolucji Roznicowej,5.669892890901842e-06,5.669892890901842e-06,"[0.0019037632466113357, 0.0005928099821487362, 0.0011184999035658426, 0.0006656670958833134]",0.24042010307312012,0.0
Algorytm Ewolucji Roznicowej,5.548478872109709e-06,5.548478872109709e-06,"[-0.0010706803878758396, 0.0004849602597662376, 0.0009028365523488322, 0.0018307982098849911]",0.24323678016662598,0.0
Algorytm Ewolucji Roznicowej,1.4789836570205906e-06,1.4789836570205906e-06,"[0.0008993756822070882, -0.0005056985804528266, -0.0005035053630516322, 0.0004010714828822478]",0.2569725513458252,0.0
Algorytm Ewolucji Roznicowej,2.2859270490101575e-05,2.2859270490101575e-05,"[-0.0029964179919810805, -0.0030806678827880827, -0.0004114802937253848, 0.002054487544685367]",0.25374841690063477,0.0
Algorytm Ewolucji Roznicowej,1.276915648186168e-05,1.276915648186168e-05,"[0.0024186215324089573, -0.0013638425511790998, -0.0021995132110595355, 0.0004706394530819575]",0.2561302185058594,0.0
Algorytm Ewolucji Roznicowej,5.036492412782218e-06,5.036492412782218e-06,"[7.809225521967188e-05, 0.001886138418630657, 0.0010826069823566297, -0.0005484870098507715]",0.26874470710754395,0.0
Algorytm Ewolucji Roznicowej,1.07119120077803e-05,1.07119120077803e-05,"[0.002452464947934071, 0.0014527582773269454, 0.00033095663975569144, -0.0015739405253041494]",0.24473214149475098,0.0
Algorytm Strategii Ewolucyjnych,0.0012431177128553066,0.0012431177128553066,"[-0.022677086184208613, -0.007909331371933052, -0.01899296767088425, 0.017480764610021578]",0.2529909610748291,0.0546875
Algorytm Strategii Ewolucyjnych,7.195278576534831e-05,7.195278576534831e-05,"[0.0020468836608185086, -0.0010663536606526722, -0.0029398398446937035, -0.0076146756071671555]",0.24885344505310059,0.0
Algorytm Strategii Ewolucyjnych,0.0006914254877492947,0.0006914254877492947,"[-0.002754829405573477, -0.024453930466067843, 0.0005478740314944037, 0.009248865957608826]",0.2548348903656006,0.0
Algorytm Strategii Ewolucyjnych,0.12009978996059933,0.12009978996059933,"[0.012822985501426236, -0.2896053299764762, -0.16845900431229138, 0.08766799711843139]",0.27095627784729004,0.0
Algorytm Strategii Ewolucyjnych,0.0006365031300103933,0.0006365031300103933,"[-0.00940190135034294, 0.019415895082973828, -0.01294963886880404, 0.001853982821744901]",0.25589680671691895,0.0
Algorytm Strategii Ewolucyjnych,7.132825493952964e-05,7.132825493952964e-05,"[0.004198413244544974, -0.0025548563112063106, 0.000111136607643833, -0.00686745506363818]",0.25353121757507324,0.0
Algorytm Strategii Ewolucyjnych,1.2739654119201861e-05,1.2739654119201861e-05,"[2.8480432221596186e-05, -0.002503241830753145, -0.0010417965324209326, 0.00232105219803125]",0.2410132884979248,0.0
Algorytm Strategii Ewolucyjnych,0.005913576892575597,0.005913576892575597,"[0.0674148483516572, -0.004641993690239876, -0.035162883331140135, -0.010527993385211636]",0.2533714771270752,0.0
Algorytm Strategii Ewolucyjnych,0.002713786591079629,0.002713786591079629,"[-0.01660090996550256, -0.04333603844525993, -0.02363661457964382, 0.0012225393577424224]",0.26784634590148926,0.0
Algorytm Strategii Ewolucyjnych,0.0005725372704385905,0.0005725372704385905,"[0.0023337603922063653, -0.005814107466658264, 0.019945514452804902, 0.011638876253722206]",0.27136778831481934,0.0
Algorytm Strategii Ewolucyjnych,0.00032913219966107933,0.00032913219966107933,"[-0.009400044649526094, -0.013821139382490605, 0.0012873797465765766, 0.006934704017178158]",0.2452402114868164,0.0
Algorytm Strategii Ewolucyjnych,0.0002594688464915863,0.0002594688464915863,"[0.009544087390448886, -0.006898575104163721, -0.006747419540028388, 0.008675323248047677]",0.25548362731933594,0.0
Algorytm Strategii Ewolucyjnych,0.0009456965565120357,0.0009456965565120357,"[0.028302546818893406, 0.0025176262670682827, -0.011761119546499828, -5.006864284518573e-06]",0.24310851097106934,0.0
Algorytm Strategii Ewolucyjnych,0.00022632546814252145,0.00022632546814252145,"[-0.010748886324743953, -0.0016521028895803416, -0.007419036848907318, 0.007281164686851242]",0.2409653663635254,0.0
Algorytm Strategii Ewolucyjnych,0.00018746205152258912,0.00018746205152258912,"[-0.005815584752772683, -0.00999857739390208, 0.007324775024744504, 0.00013094441926429562]",0.2552034854888916,0.0
Algorytm Strategii Ewolucyjnych,0.026614394563593703,0.026614394563593703,"[0.029373312148902545, -0.0464613439265599, -0.019003412920032076, 0.15241987047273564]",0.24064326286315918,0.0
Algorytm Strategii Ewolucyjnych,0.0035894434806414298,0.0035894434806414298,"[-0.0548950821915834, -0.012549422553792572, -0.01675796801117066, 0.011732686543314622]",0.24634623527526855,0.0
Algorytm Strategii Ewolucyjnych,0.06162185480276777,0.06162185480276777,"[0.18881545614107548, -0.05686815937441481, 0.07242305422071887, 0.13225540439511102]",0.2701754570007324,0.0
Algorytm Strategii Ewolucyjnych,0.0026639060870052456,0.0026639060870052456,"[0.013394503887483068, -0.04216620639331156, -0.0012377737638495155, -0.026551314602475402]",0.263871431350708,0.0
Algorytm Strategii Ewolucyjnych,9.928875633534131e-05,9.928875633534131e-05,"[-0.005377241015416076, 0.007472317911036389, 0.0022617815979488172, -0.0030696651995051963]",0.26847362518310547,0.0
Algorytm Strategii Ewolucyjnych,1.9911246984849625e-05,1.9911246984849625e-05,"[-0.0022710021677533714, 0.003152768237050957, 0.0018491462651572953, 0.0011808923204113656]",0.2407853603363037,0.0
Algorytm Strategii Ewolucyjnych,1.2248531253782534e-05,1.2248531253782534e-05,"[0.002222533849637588, -0.00022766134943520006, -0.0025318600349976436, -0.0009201791206894074]",0.2714574337005615,0.0
Algorytm Strategii Ewolucyjnych,1.36799584382882e-05,1.36799584382882e-05,"[0.0012963540367010528, -0.00016740522105766677, 0.002945552506770078, -0.0018152466971847738]",0.24055171012878418,0.0
Algorytm Strategii Ewolucyjnych,0.006957825976561111,0.006957825976561111,"[0.08263297910719061, 0.003287381597451324, 0.010744674948339663, 0.001833527452472658]",0.2682828903198242,0.0
Algorytm Strategii Ewolucyjnych,0.0002281841845153017,0.0002281841845153017,"[-0.009883727661193107, 0.0026592997120024157, -0.009824835179259028, -0.005186217386188706]",0.2697179317474365,0.0
Algorytm Strategii Ewolucyjnych,0.00045300494536891647,0.00045300494536891647,"[-0.021060539800229393, -0.0003067132305286935, -0.002458019402936336, -0.0018228209733479848]",0.25726890563964844,0.0
Algorytm Strategii Ewolucyjnych,0.00028550500073007027,0.00028550500073007027,"[0.0055054483077116335, 0.005925890666566543, 0.012309933998837695, 0.00827915360488889]",0.27175188064575195,0.0
Algorytm Strategii Ewolucyjnych,4.7368835557670965e-07,4.7368835557670965e-07,"[-0.000280639546354894, -0.0001307773368219567, 0.0005657668229481397, -0.0002402810663022656]",0.26770544052124023,0.0
Algorytm Strategii Ewolucyjnych,1.877785969841243e-05,1.877785969841243e-05,"[0.001046567285858536, -0.0017928830096303567, 1.896687879145804e-05, -0.003803651848667387]",0.2534768581390381,0.0
Algorytm Strategii Ewolucyjnych,0.0002168718678064035,0.0002168718678064035,"[-0.011882821333189061, 0.005783773286773682, -0.006464187226594982, 0.0006577803863295501]",0.26707935333251953,0.0
Algorytm Strategii Ewolucyjnych,0.0026280206684224762,0.0026280206684224762,"[-0.04708348089370698, -0.014409351013739219, 0.0031470213594793524, -0.013915220274226325]",0.26739954948425293,0.0
Algorytm Strategii Ewolucyjnych,1.2409902222270148,1.2409902222270148,"[0.044477353711639966, -0.6818642859582189, 0.38742166018272817, 0.7899224898619936]",0.27045369148254395,0.0
Algorytm Strategii Ewolucyjnych,0.00015754522303237307,0.00015754522303237307,"[-0.0005741386679042216, 0.011219582983189962, -0.0008597267765480155, 0.005531493051192491]",0.26811695098876953,0.0
Algorytm Strategii Ewolucyjnych,0.0004719837768417222,0.0004719837768417222,"[0.0014929535674409267, -0.0008813545827996289, -0.007198112058337459, -0.020424623947142395]",0.26781773567199707,0.0
Algorytm Strategii Ewolucyjnych,5.366298978175197e-05,5.366298978175197e-05,"[-0.006722024124630079, 0.002796761955666974, 0.0007892824476152226, -0.00018038079405403515]",0.26729822158813477,0.0
Algorytm Strategii Ewolucyjnych,0.0009239667799694853,0.0009239667799694853,"[-0.008582850170417072, 0.012023139086205208, -0.007956205383158804, -0.02534648664680011]",0.2690143585205078,0.0
Algorytm Strategii Ewolucyjnych,3.902752000393413e-05,3.902752000393413e-05,"[-0.00406498301738029, -0.0034616657013434794, 0.0017575034701455394, -0.002726075053426172]",0.2545599937438965,0.0
Algorytm Strategii Ewolucyjnych,0.00011367913885564426,0.00011367913885564426,"[0.003174326865841067, -0.004199681395555624, 0.005302659530548431, -0.007605739009678925]",0.26819729804992676,0.0
Algorytm Strategii Ewolucyjnych,0.00015306195320596651,0.00015306195320596651,"[0.00886920153301128, 0.002734037151916221, -0.004393088714861792, -0.006901089027689232]",0.2695658206939697,0.0
Algorytm Strategii Ewolucyjnych,0.00031567700247306396,0.00031567700247306396,"[0.00969635062804838, 0.014346690200382092, -0.0004376901832302072, -0.003954578936975978]",0.2708911895751953,0.0
Algorytm Strategii Ewolucyjnych,7.034107570430113e-06,7.034107570430113e-06,"[-0.0010576092582645874, 0.0011987831245653122, 9.068453175804233e-05, 0.00211430025380039]",0.2696113586425781,0.0
Algorytm Strategii Ewolucyjnych,0.0012208398496645653,0.0012208398496645653,"[0.008380069453892606, -0.018808120545894896, 0.027780777434483858, 0.005009719780512675]",0.26990365982055664,0.0
Algorytm Strategii Ewolucyjnych,0.0011740976995864344,0.0011740976995864344,"[0.030360695321811217, -0.012225555632638377, -0.005442687410382164, 0.008557968356375047]",0.2699286937713623,0.0
Algorytm Strategii Ewolucyjnych,9.083105998688996e-07,9.083105998688996e-07,"[-0.0008351992340851534, -8.447118856251502e-05, 0.00040482695793587125, -0.0001993303581587539]",0.26804161071777344,0.0
Algorytm Strategii Ewolucyjnych,0.0003483456082064186,0.0003483456082064186,"[0.0046646212743909985, -0.007774187568208335, -0.009605408699431939, -0.013186547991954137]",0.26761484146118164,0.0
Algorytm Strategii Ewolucyjnych,0.003647154899291174,0.003647154899291174,"[0.011430383652826365, 0.04820296644666871, -0.009414824870657049, 0.033231556196431165]",0.25435614585876465,0.0
Algorytm Strategii Ewolucyjnych,0.0005701029665368439,0.0005701029665368439,"[0.001661446217289475, 0.0022142548924722234, -0.023487638716666502, -0.003281838781904147]",0.2694976329803467,0.0
Algorytm Strategii Ewolucyjnych,2.3456410194122116e-07,2.3456410194122116e-07,"[-3.843597498765849e-05, -0.00018575325827958314, 0.00021478491703623285, -0.0003904483886766935]",0.2562286853790283,0.0
Algorytm Strategii Ewolucyjnych,2.1197350933189095e-06,2.1197350933189095e-06,"[-0.0012536270148682032, -4.269455010186274e-05, -0.00040273356059975646, -0.0006197880730296357]",0.26689743995666504,0.0
Algorytm Strategii Ewolucyjnych,0.0002857855153953732,0.0002857855153953732,"[0.008579837470802841, 0.007665046859910393, -0.009243905431820264, -0.00824434190053532]",0.2677164077758789,0.0
Algorytm Strategii Ewolucyjnych,0.011964996922014637,0.011964996922014637,"[0.05280233306310053, -0.06538303302471019, -0.06956160988619071, -0.007946821228586254]",0.2572813034057617,0.0
Algorytm Strategii Ewolucyjnych,0.017918002728676923,0.017918002728676923,"[-0.059945206074601416, 0.09854187205006382, -0.025457686119891132, -0.062976032485704]",0.25448107719421387,0.0
Algorytm Strategii Ewolucyjnych,0.0076479014421489385,0.0076479014421489385,"[-0.030525695916979113, -0.07841445363484087, 0.007025828226402596, 0.022757296188597176]",0.2537422180175781,0.0
Algorytm Strategii Ewolucyjnych,1.1038959524851453e-05,1.1038959524851453e-05,"[-0.0003396313179034054, 0.00311824762086198, -0.0009719484193433217, -0.0005054286674450381]",0.2534303665161133,0.0
Algorytm Strategii Ewolucyjnych,0.029268488511574063,0.029268488511574063,"[-0.13448175619571703, 0.07751282895300204, 0.02680131347124476, 0.06675774641199705]",0.25409698486328125,0.0
Algorytm Strategii Ewolucyjnych,0.00011185807552579701,0.00011185807552579701,"[0.00010312455319481245, -0.0027566103728565855, -0.004792641452877325, 0.009015493775093341]",0.25286221504211426,0.0
Algorytm Strategii Ewolucyjnych,3.3818128152270114e-05,3.3818128152270114e-05,"[-0.0024990712829066146, -0.0026508212908375774, 0.0037736145353307986, -0.002511125384763557]",0.27052927017211914,0.0
Algorytm Strategii Ewolucyjnych,2.728312573123396e-05,2.728312573123396e-05,"[0.004043107000086519, -0.00041386951420612666, -0.002140580363398416, -0.002486571786643055]",0.2579166889190674,0.0
Algorytm Strategii Ewolucyjnych,1.2389394455497735e-06,1.2389394455497735e-06,"[-0.00036411403210962487, 0.0004888413097336934, 0.0006669082260304503, -0.0006500984610975553]",0.24223756790161133,0.0
Algorytm Strategii Ewolucyjnych,5.8901924610021235e-05,5.8901924610021235e-05,"[-0.002870651423881072, -0.002679928016922476, -0.001466487899680731, 0.006428738918076762]",0.26933741569519043,0.0
Algorytm Strategii Ewolucyjnych,0.015268394021346445,0.015268394021346445,"[-0.012509574270520133, -0.009017814360886417, -0.11539904545921519, -0.0413961822414986]",0.2544419765472412,0.0
Algorytm Strategii Ewolucyjnych,2.4658710237344126e-05,2.4658710237344126e-05,"[-0.0009302735232563503, 0.0007905137118318788, -0.004783250201089699, 0.0005375006925144223]",0.25313568115234375,0.0
Algorytm Strategii Ewolucyjnych,0.00025452792723508147,0.00025452792723508147,"[0.01431073546619463, -0.0004951261503129841, -0.0038619052942460205, 0.005879737685069927]",0.2555735111236572,0.0
Algorytm Strategii Ewolucyjnych,0.00024606101955757073,0.00024606101955757073,"[-0.0025990655952812525, -0.0007326621163302408, -0.003322162839185736, -0.015090802426717537]",0.2661616802215576,0.0
Algorytm Strategii Ewolucyjnych,0.001978153738927677,0.001978153738927677,"[-0.031863419381352176, 0.027374655852056645, 0.00642025831277279, -0.013125728339200084]",0.26482367515563965,0.0
Algorytm Strategii Ewolucyjnych,3.7626129630160643e-06,3.7626129630160643e-06,"[-0.0003537348684166802, -0.0006950254248724961, -0.0014611348310685243, -0.0010097075171065428]",0.2540276050567627,0.0
Algorytm Strategii Ewolucyjnych,6.475773537361833e-05,6.475773537361833e-05,"[-0.003994893669597607, 0.004652551207515025, 0.002132429000804092, -0.004754479336395043]",0.25380778312683105,0.0
Algorytm Strategii Ewolucyjnych,0.0002535476948736661,0.0002535476948736661,"[-0.006123493192461944, 0.012926433956942096, -0.0037810870097291505, 0.005887377359844542]",0.25551271438598633,0.0
Algorytm Strategii Ewolucyjnych,0.004263946709123624,0.004263946709123624,"[-0.04901348717671085, -0.0003677020844983841, 0.033267904860500276, -0.027472460488128528]",0.25377559661865234,0.0
Algorytm Strategii Ewolucyjnych,0.00011988642940813866,0.00011988642940813866,"[-0.006034304766595833, 0.008753745335681332, 0.0024856293099538894, -0.0008168138854800038]",0.26866769790649414,0.0
Algorytm Strategii Ewolucyjnych,8.468587308126844e-06,8.468587308126844e-06,"[-0.0006121925244032241, -0.002051867022053115, -0.0016412618235998433, 0.0010908294877735245]",0.26767468452453613,0.0
Algorytm Strategii Ewolucyjnych,9.59366103667139e-06,9.59366103667139e-06,"[-0.0003111994557752347, 6.427199070409978e-05, -0.0021725405585719835, 0.002184663033048175]",0.2672080993652344,0.0
Algorytm Strategii Ewolucyjnych,1.7893160430536987e-06,1.7893160430536987e-06,"[-0.0006369378267863379, -0.00044753110852338313, -0.0007998539006011385, -0.0007372759947667981]",0.25403261184692383,0.0
Algorytm Strategii Ewolucyjnych,0.00223260272150684,0.00223260272150684,"[0.008181768055250538, -0.007861837588369528, -0.04350354508751551, -0.014535971503464324]",0.26912593841552734,0.0
Algorytm Strategii Ewolucyjnych,0.005545040847253524,0.005545040847253524,"[-0.01186558856329158, 0.03992833061925455, -0.04730488747735453, 0.039651288629936526]",0.2663998603820801,0.0
Algorytm Strategii Ewolucyjnych,5.141589940431277e-05,5.141589940431277e-05,"[0.004512478646203702, 0.0009662838061802834, 0.0032088782967203758, 0.004452283858270838]",0.25379276275634766,0.0
Algorytm Strategii Ewolucyjnych,0.00046630654006844346,0.00046630654006844346,"[-0.000791170872720532, 0.0012242466544569635, 0.001796845055528521, -0.02146981967073957]",0.26851797103881836,0.0
Algorytm Strategii Ewolucyjnych,0.00034782861516042114,0.00034782861516042114,"[-0.008751310258831442, 0.011121380256724763, -0.012112891002529035, 0.0009143066554917235]",0.25466108322143555,0.0
Algorytm Strategii Ewolucyjnych,0.04760928515857106,0.04760928515857106,"[0.07255603501305566, -0.1796607745015949, -0.07076687233276285, 0.0711263862956695]",0.25112152099609375,0.0
Algorytm Strategii Ewolucyjnych,0.00016551722352967896,0.00016551722352967896,"[0.01206156498317891, -0.0037846623608857512, 0.0020955588511710633, -0.0011492769908096993]",0.27115464210510254,0.0
Algorytm Strategii Ewolucyjnych,8.481117692956602e-05,8.481117692956602e-05,"[0.0028334402038981436, 0.007850584323067017, -0.0036332559447227915, 0.0013966282852106923]",0.25333738327026367,0.0
Algorytm Strategii Ewolucyjnych,0.0012374387626173417,0.0012374387626173417,"[-0.024752777302989505, -0.0014814223564222281, -0.020643385938438223, 0.01401409230755003]",0.26760363578796387,0.0
Algorytm Strategii Ewolucyjnych,7.860989850200198e-07,7.860989850200198e-07,"[0.0008086178551115275, -2.6502922068644743e-05, 0.0003560588146595072, 6.896278010595811e-05]",0.25623250007629395,0.0
Algorytm Strategii Ewolucyjnych,0.000716181338381173,0.000716181338381173,"[-0.01985962309178205, 0.005915049405498171, -0.009714331435687321, -0.013871577571482739]",0.26752710342407227,0.0
Algorytm Strategii Ewolucyjnych,0.0001287057368218557,0.0001287057368218557,"[-0.003131942058874908, 0.004716393979799049, 0.005849754375099361, 0.007901435144328358]",0.2533869743347168,0.0
Algorytm Strategii Ewolucyjnych,0.0003368623622373941,0.0003368623622373941,"[0.00023982997953304365, -0.004250598888522916, 0.013061702541489736, 0.012170833152452614]",0.2686729431152344,0.0
Algorytm Strategii Ewolucyjnych,0.0003895138298414656,0.0003895138298414656,"[0.0006048461578458892, 0.009727560732993756, -0.015386072069845975, 0.007602061523970207]",0.2518129348754883,0.0
Algorytm Strategii Ewolucyjnych,4.839089881074325e-06,4.839089881074325e-06,"[0.0005927240601969436, 0.0002904207448135497, 0.0005719463609510675, 0.0020189851957641367]",0.26891183853149414,0.0
Algorytm Strategii Ewolucyjnych,8.298903088012149e-05,8.298903088012149e-05,"[-0.004332784832551236, 0.007438896914801004, -0.0001888553921957039, 0.002973743904027069]",0.2523386478424072,0.0
Algorytm Strategii Ewolucyjnych,0.00011115274883325836,0.00011115274883325836,"[0.004569114449871507, -0.008425654606174846, 0.0035580927580685187, 0.0025737642393309328]",0.2524757385253906,0.0
Algorytm Strategii Ewolucyjnych,3.168919926338254e-05,3.168919926338254e-05,"[0.0019341610311984364, 0.004803350815396472, 0.0018902682348517982, 0.0011414584150621736]",0.27089452743530273,0.0
Algorytm Strategii Ewolucyjnych,1.5917158791448527e-05,1.5917158791448527e-05,"[0.0011587433448345334, 0.003356368038344991, 0.0017669983070191038, 0.00043241557143334185]",0.2524373531341553,0.0
Algorytm Strategii Ewolucyjnych,3.0442905137266666e-05,3.0442905137266666e-05,"[0.004097818587579141, -0.0019775216425723776, -0.0013473204864951956, 0.002815124086143585]",0.2705955505371094,0.0
Algorytm Strategii Ewolucyjnych,2.5874176464988336e-05,2.5874176464988336e-05,"[-0.004964714464665671, 0.00039609535912395384, 0.00103130053041325, -7.29001493662007e-05]",0.25148487091064453,0.0
Algorytm Strategii Ewolucyjnych,0.00030003026793388337,0.00030003026793388337,"[-0.00445379801162711, -0.008096524771715699, -0.010012543453597391, 0.01069528921611416]",0.267963171005249,0.0
Algorytm Strategii Ewolucyjnych,0.00011233499627882322,0.00011233499627882322,"[-0.006482134560524128, -0.0011655019510047682, 0.008055560350467887, 0.0020165516259832462]",0.26770615577697754,0.0
Algorytm Strategii Ewolucyjnych,0.0005663239591221688,0.0005663239591221688,"[0.007935158222442305, 0.01765473771533098, -0.00255260838197352, -0.013607044122737439]",0.26738858222961426,0.0
Algorytm Strategii Ewolucyjnych,0.0011408341987058166,0.0011408341987058166,"[-0.001362394454975529, 0.016649494158294722, 0.019674289163154862, 0.021787491141761726]",0.25618433952331543,0.0
Algorytm Strategii Ewolucyjnych,0.0006636777125743132,0.0006636777125743132,"[-0.009732928262354376, 0.002302588940332556, -0.0026973717098624627, 0.023587498596605545]",0.268160343170166,0.0
Algorytm Strategii Ewolucyjnych,3.2379709796178935e-05,3.2379709796178935e-05,"[0.0014647911541506291, -0.004842621912261348, -0.002418340381992211, 0.00096681926057201]",0.26751136779785156,0.0
System Sztucznego Rozpoznawania Ukladu Immunologicznego,0.08321564696911059,0.08321564696911059,"[-0.09706422858382638, 0.23835469458152278, -0.07726561007877691, 0.10493449179674286]",0.24432945251464844,0.1875
System Sztucznego Rozpoznawania Ukladu Immunologicznego,0.06759248696075859,0.06759248696075859,"[-0.08350850452360413, -0.20693630733157192, -0.02481755463980602, 0.13107353021362944]",0.24976205825805664,0.0
System Sztucznego Rozpoznawania Ukladu Immunologicznego,0.07287742782269142,0.07287742782269142,"[0.08891950078615056, 0.14884288415512878, 0.029774615045604896, -0.20476820636490944]",0.25321364402770996,0.0
System Sztucznego Rozpoznawania Ukladu Immunologicznego,0.07740372345110264,0.07740372345110264,"[0.00726258266164416, -0.06333286667405355, -0.03480509295514872, 0.26856755546308164]",0.25420260429382324,0.0
System Sztucznego Rozpoznawania Ukladu Immunologicznego,20.65159591006927,20.65159591006927,"[-1.8437410024623588, -3.278668729493499, -2.1615953492545366, 1.3527941211548082]",0.2504749298095703,0.0
System Sztucznego Rozpoznawania Ukladu Immunologicznego,0.09348515287312074,0.09348515287312074,"[-0.08418013411490122, 0.20269677381507673, 0.09913555354871911, 0.18837467399060487]",0.25211429595947266,0.0
System Sztucznego Rozpoznawania Ukladu Immunologicznego,0.0738241229422076,0.0738241229422076,"[-0.20851758997883377, -0.11006659646629621, -0.1322320009228451, 0.0272869911476655]",0.251873254776001,0.0
System Sztucznego Rozpoznawania Ukladu Immunologicznego,0.07804463160801671,0.07804463160801671,"[-0.2491129118818837, -0.0825841103460728, 0.02402393425450014, -0.09268281417300989]",0.25509142875671387,0.0
System Sztucznego Rozpoznawania Ukladu Immunologicznego,0.07532708844648385,0.07532708844648385,"[-0.12785385605164187, -0.006263065253577144, 0.23082170547701392, 0.07525021085367115]",0.25393056869506836,0.0
System Sztucznego Rozpoznawania Ukladu Immunologicznego,15.161651044402591,15.161651044402591,"[0.8327701085581936, -1.7596309621521904, 2.2619459198125558, -2.501088667675189]",0.25080013275146484,0.0
System Sztucznego Rozpoznawania Ukladu Immunologicznego,0.07511091218170622,0.07511091218170622,"[0.09775817205725898, 0.2410678834209214, -0.06299573077850368, -0.05892423494937299]",0.25231003761291504,0.0
System Sztucznego Rozpoznawania Ukladu Immunologicznego,0.09192147375733914,0.09192147375733914,"[0.20026913372178323, 0.09456851062859306, 0.20694868174004463, 0.006541235297177345]",0.25246310234069824,0.0
System Sztucznego Rozpoznawania Ukladu Immunologicznego,0.08003639451432717,0.08003639451432717,"[-0.13929710982452384, 0.09759233681468339, 0.035439294286077866, -0.22327673843106874]",0.2573716640472412,0.0
System Sztucznego Rozpoznawania Ukladu Immunologicznego,0.07947721085997682,0.07947721085997682,"[-0.030051090205644712, -0.22217981549619953, -0.1350753234927764, 0.10471355884901232]",0.2525327205657959,0.0
System Sztucznego Rozpoznawania Ukladu Immunologicznego,0.07355468627169935,0.07355468627169935,"[-0.1607083966741357, 0.15181393504604063, 0.1554721366446527, -0.02254864437413017]",0.2521965503692627,0.0
System Sztucznego Rozpoznawania Ukladu Immunologicznego,0.07058447264597759,0.07058447264597759,"[0.13281702998887526, 0.1688331545547143, -0.09378808022252444, -0.125073063135869]",0.254472017288208,0.0
System Sztucznego Rozpoznawania Ukladu Immunologicznego,0.07448112266323637,0.07448112266323637,"[-0.020535198919426484, -0.10429405610773733, -0.2157877461613539, -0.1289101498555299]",0.2500321865081787,0.0
System Sztucznego Rozpoznawania Ukladu Immunologicznego,30.067285854186974,30.067285854186974,"[-4.281652619850311, -0.1874323838710339, 2.8635087131641423, 1.8708082874055805]",0.25345301628112793,0.0
System Sztucznego Rozpoznawania Ukladu Immunologicznego,0.07014975313827662,0.07014975313827662,"[-0.12383858794999372, -0.12681621521801423, 0.1435943732304117, 0.1345810566430945]",0.2382650375366211,0.0
System Sztucznego Rozpoznawania Ukladu Immunologicznego,27.90728539824549,27.90728539824549,"[-1.6360761197753302, 2.095431807657354, 4.200888384311125, -1.7866848212720923]",0.25208473205566406,0.0
System Sztucznego Rozpoznawania Ukladu Immunologicznego,0.08210933177795326,0.08210933177795326,"[-0.044192262983061406, 0.002674431922967513, -0.1847607101665799, 0.21450571801940307]",0.25434374809265137,0.0
System Sztucznego Rozpoznawania Ukladu Immunologicznego,0.06792816543212134,0.06792816543212134,"[-0.17014019979787237, 0.003316772115719957, -0.19712998780445384, 0.010452022570281105]",0.2514526844024658,0.0
System Sztucznego Rozpoznawania Ukladu Immunologicznego,0.08853617068056903,0.08853617068056903,"[0.09939209193897958, -0.01050346520218462, 0.12802006068048988, 0.24931490934693948]",0.23987388610839844,0.0
System Sztucznego Rozpoznawania Ukladu Immunologicznego,0.07866181775743752,0.07866181775743752,"[-0.0597562325694978, 0.01861672370209229, -0.12705219867947198, 0.24207884425502685]",0.23508214950561523,0.0
System Sztucznego Rozpoznawania Ukladu Immunologicznego,0.06775467504093266,0.06775467504093266,"[0.19077718999813406, -0.16397273520461114, 0.04985075737764319, -0.04457109955725075]",0.23493695259094238,0.0
System Sztucznego Rozpoznawania Ukladu Immunologicznego,0.0689137391472801,0.0689137391472801,"[0.1199747768686129, -0.03812869317151105, 0.22446881019184636, -0.05176628314546336]",0.23671960830688477,0.0
System Sztucznego Rozpoznawania Ukladu Immunologicznego,0.08631980727324698,0.08631980727324698,"[0.01983947828558308, -0.20417544585348474, -0.20292168176010955, -0.05532974567791171]",0.23773980140686035,0.0
System Sztucznego Rozpoznawania Ukladu Immunologicznego,0.07637512117704094,0.07637512117704094,"[0.08985945055123973, -0.16172342742139922, -0.13687932324864188, -0.1530032163509626]",0.23021864891052246,0.0
System Sztucznego Rozpoznawania Ukladu Immunologicznego,0.07076045061791927,0.07076045061791927,"[-0.005285843509326246, 0.027528929122066864, 0.2631777405574496, -0.026686052776350666]",0.23474431037902832,0.0
System Sztucznego Rozpoznawania Ukladu Immunologicznego,0.09218804622527296,0.09218804622527296,"[0.21523668643902402, -0.047601911519389195, 0.06535499922434063, -0.19830279153887093]",0.23299264907836914,0.0
System Sztucznego Rozpoznawania Ukladu Immunologicznego,0.07067358952890329,0.07067358952890329,"[-0.10043438736290228, -0.13449192337603952, 0.19632365247381606, 0.06289252252768693]",0.2360389232635498,0.0
System Sztucznego Rozpoznawania Ukladu Immunologicznego,0.06710161290046822,0.06710161290046822,"[0.05844516704876297, -0.2401621378526661, -0.009032944974211116, 0.07698265256692756]",0.23609685897827148,0.0
System Sztucznego Rozpoznawania Ukladu Immunologicznego,0.07109516820372325,0.07109516820372325,"[-0.08921253198038821, -0.1773091913024898, -0.0604899102958702, -0.16744764487273658]",0.23633694648742676,0.0
System Sztucznego Rozpoznawania Ukladu Immunologicznego,0.06796301055256586,0.06796301055256586,"[0.204897045562256, -0.0375490966080215, -0.005944850716148281, 0.1566363156049989]",0.23603129386901855,0.0
System Sztucznego Rozpoznawania Ukladu Immunologicznego,21.786989979628228,21.786989979628228,"[1.3181850077995794, 1.8837107293648536, 4.059371419049768, 0.15005277444371679]",0.23575758934020996,0.0
System Sztucznego Rozpoznawania Ukladu Immunologicznego,0.069398564923858,0.069398564923858,"[0.05928928014174728, 0.14809819373201713, 0.2059823826624227, 0.039006784411902015]",0.23552966117858887,0.0
System Sztucznego Rozpoznawania Ukladu Immunologicznego,0.0799852562614017,0.0799852562614017,"[0.21552847378145862, 0.0051825828971804044, -0.17444933016235806, 0.0554373997519297]",0.23984169960021973,0.0
System Sztucznego Rozpoznawania Ukladu Immunologicznego,0.07558089377502596,0.07558089377502596,"[-0.1673910400639757, 0.04163701430489472, -0.05813560774062364, -0.20602850199360467]",0.2360692024230957,0.0
System Sztucznego Rozpoznawania Ukladu Immunologicznego,0.07161835798898981,0.07161835798898981,"[0.19952495715969504, -0.039552128548054954, 0.03772967870134364, 0.16976527893483753]",0.23499560356140137,0.0
